summary,letter
"백엔드 공부를 하는데 에러가 많이 난다고 했다.
행궁동에 있는 행궁이 보이는 카페에 가기로 했다.
집에 잘 도착했다고 말했다.","지원이에게 
안녕 지원아! 생일 축하해! 
잘 지내? 백엔드 공부는 어떻게 되어가? 에러 많이 난다고 했는데도 계속 공부하는 모습 정말 멋있어. 백엔드 공부 뿐만 아니라 다른 모든 일도 늘 최선을 다하는 네 모습을 보면 늘 나도 열심히 살아야겠다는 생각이 들더라. 백엔드 공부도 다른 일도 다 좋은 결과 있기를 응원할게! 
마지막으로 본 게 행궁동에 갔을 때인데 기억 나? 사실 그때 여러 생각도 많고 조금 힘든 시기였는데 너랑 늘 가고 싶던 행궁동에 가니까 너무 좋았었어. 특히 행궁이 보이는 카페에서 너랑 대화하면서 마음이 잘 맞는 친구가 있다는 게 너무 기뻤어. 덕분에 집으로 돌아오는 길에 무거웠던 마음이 좀 가벼워졌어. 너도 나랑 네가 잘 맞는다고 생각했으면 좋겠다. 너도 언제든지 힘들 거나 지칠 때 나한테 말해줘! 
요즘 바빠서 네 얼굴을 자주 못 봤는데 오랜만에 네 생일을 맞아 만날 생각을 하니까 정말 설레. 생일 다시 한 번 축하하고 오늘 하루 정말 행복하게 보내자! 
민지가"
"넷플릭스 드라마가 재밌다고 했다. 
집들이 겸 생일파티 한다고 만나기로 했다. 
취업 준비가 힘들다고 했다. 
영화 엘리멘탈이 재밌다고 했다.","다현이에게 
안녕 다현아! 생일 축하해! 요즘 어떻게 지내? 
취업 준비하느라 고생이 많아. 네 노력이 꼭 빛을 발할 거라고 생각해! 그리고 언제든 시간나면 연락해줘. 밥이라도 같이 먹자! 
저번 집들이 겸 내 생일파티 왔을 때 마지막으로 봤었네. 그때 센스있게 즉석 카메라 가져와서 사진 찍어줘서 너무 고마워. 그 사진 침대 옆 벽에 붙여뒀어. 집들이가 너 덕분에 너무 재밌었어서 사진 볼 때마다 그 추억이 생각나서 기분이 좋더라. 
그리고 집들이 때 영화 엘리멘탈 재밌다고 했었잖아. 그래서 그 이후에 나도 영화관에서 엘리멘탈 봤는데 진짜 재밌더라! 너는 어떤 점에서 영화가 재밌다고 느꼈는지 궁금해. 그 전에 네가 추천한 넷플릭스 드라마도 재밌었는데 앞으로 네 추천 많이 믿고 봐야겠다. 
다시 한 번 생일 축하하고 오늘 하루 잘 보내길 바랄게! 너의 생일을 함께하지 못해 아쉽지만 마음만은 항상 네 곁에 있다는 거 잊지 말아줘! 
민지가"
"전완근 사진을 보내주며 클라이밍을 하고 있다고 했다.
본가 놀러가서 게임을 하자고 한다.
호수 사진을 보냈다.","효성이에게 
효성아 안녕! 생일 축하해! 요즘 잘 지내? 
나는 요즘 클라이밍을 하고 있어! 네가 전에 네 전완근 사진 보내주면서 자랑했을 때 나도 클라이밍 해야겠다고 말했잖아. 생각보다 무섭지도 않고 성취감이 크더라. 네 덕분에 좋은 취미 생겨서 고마워. 다음에 같이 네 본가 근처에서 클라이밍 가는건 어때? 
전에 네 본가 놀러갔을 때 진짜 즐거웠거든. 처음 해본 게임도 재밌었고 네가 늘 사진으로 보여줬던 호수도 실제로 보니까 더 예쁘더라. 언제 우리 둘 다 시간 나면 또 놀러갈게. 그리고 내가 사는 도시도 언제든지 놀러와도 돼. 
다시 한 번 생일 축하하고 오늘 하루 맛있는거 많이 먹고 행복하게 보내길 바랄게! 앞으로도 서로의 생일을 진심으로 축하해주는 친구가 되자. 
민지가"
"미래에 어떤 일을 해야 할지 모르겠다고 했다.
엽떡이 먹고 싶다고 했다.
요새 피곤하다고 했다.","지우에게
지우야 생일 축하해!
요새 어때? 난 요즘 미래 걱정 때문에 많이 힘들기도 하고 불안하기도 한데. 그래도 너랑 대화하면서 힘을 많이 얻고 있어. 고마워. 
나도 너한테 그렇게 도움이 됐으면 좋겠는데 말이야. 언제든지 힘든 일 있거나 걱정되는 일 있으면 나한테 말해! 진심으로 응원하고 상의해 줄게!
우리 둘 다 엽떡 정말 좋아하잖아. 왠지 너랑 엽떡 먹으면 다른 애들이랑 먹는 것보다 더 맛있는 거 같아. 네가 먹을 때 반응이 좋아서 그런가?
시간 나면 같이 엽떡도 먹으러 가고 다른 맛있는 것도 많이 먹자! 너 요즘 몸이 피곤하다고 해서 내가 걱정이 이만저만이 아니야. 건강 챙기자! 
건강은 한 번 안 좋아지면 다시 건강해지기 힘든 거 알지? 건강해야지 하고 싶은 것들도 다 하고 먹고 싶은 것들도 다 먹고 행복하게 지내잖아. 
그리고 건강해야지 100살까지 나랑 친하게 지낼 거 아니야. 몸 관리 잘해야 해!
오늘 진짜 생일 축하하고 행복한 하루 보내! 항상 고맙고 넌 정말 나한테 소중한 친구야! 생일 축하해!
지연이가"
"영국 여행이 재미있었다고 했다.
집에 묵게 해서 고맙다고 했다.
된장찌개 요리해줘서 고맙다고 했다.","가연이에게
가연아 안녕? 잘 지내고 있어? 생일 진심으로 축하해.
우리가 마지막 본 것은 내가 널 보러 영국에 갔을 때였던 것 같은데 그게 1년 전이네. 시간 빨리 지나간다, 그렇지? 그때 처음으로 영국에 간 것인데 덕분에 영국 여행이 더 재밌고 특별한 것 같아. 맨체스터 구경 시켜줘서 고마워. 덕분에 맨체스터 도시도 알게 되었어. 
2주 동안 너희 집에서 묵게 해줘서 고마워. 숙박비를 아낄 수 있어서 얼마나 다행인지 몰라. 진짜 고마워. 영국 얘기하니까 네가 끓인 된장찌개가 생각이 나네. 네가 만든 된장찌개가 제일 최고야! 진짜 맛있고 집밥 먹은 느낌이었어.
우리 또 언제 볼까? 한국에 놀러 오면 말해줘. 서울 구경 시켜줄게. 나중에 한국에 오면 밥이든 쇼핑이든 내가 크게 쏠게! 
다시 한번 생일 축하하고 우리 빨리 만나자! 보고 싶다.
하님이가"
"요즘 발레를 배우고 있다고 했다. 
발레 같이 하자고 했다.
필름 카메라로 찍은 사진 프린트했다고 했다.","미연이에게
안녕 미연아! 생일 축하해! 잘 지내고 있어?
나는 요즘 발레를 배우고 있어! 내가 어릴 때 발레를 해본 적 있다고 얘기했었던 것 같은데 마음먹고 다시 시작했어. 너도 발레를 배워보고 싶다고 했었잖아? 내가 다니는 학원을 소개해 줄까? 너와 함께 춤추는 모습을 생각하면 진짜 재밌을 것 같아!
그리고 전에 제주도에서 필름 카메라로 찍은 사진 어제 사진점에 현상 맡겼어! 조만간 너한테 보여줄게. 우리 제주도 갔을 때 성격이 잘 맞아서 여행 중에 한번도 안 다퉜잖아. 그래서 계속 너랑 같이 여행하고 싶어. 다음에는 외국으로 가볼까? 동남아가 좀 저렴해서 가기 좋을 것 같아.
오늘 하루 행복하게 보내길 바라고 앞으로도 친구 하자. 다시 한번 생일 축하해.
하님이가 "
"과제가 어렵다고 했다.
빙수 사줘서 고맙다고 했다.
과제 제출했다고 했다.

","미연이에게
미연이 안녕! 오늘이 생일이네. 생일 축하해 미연아! 오늘 행복이 가득한 하루가 되길 바라.
전에 과제가 어렵다고 내 얘기 들어줘서 고마워. 들은 것만으로도 고마운 일인데 나 기분 좋게 하려고 설빙 가서 빙수까지 사줬잖아. 그때 좋은 친구가 있는게 왜 중요한지 깨달았어. 잠시나마 너랑 시간을 보내고 스트레스를 해소할 수 있었어. 네가 없었으면 과제 포기하고 제출하지 않으려고 했었는데 네가 사준 빙수와 응원의 말 덕분에 기분도 좋아지고 과제도 잘 제출했어. 다시 한번 고마워 미연아. 
그리고 우리 만화방 또 언제 가? 너랑 만화방에서 같이 만화책 읽는 것이 제일 즐거워. 방학 때 한가하면 나랑 또 만화방가서 만화책도 읽고 음식도 시키자. 
생일 축하해 미연아. 항상 행복했으면 좋겠어. 사랑해.
하님이가"
"공원에서 산책을 하자고 했다.
공원에서 이야기하는 것 나쁘지 않다고 했다.

","세정이에게,
세정아 안녕! 24번째의 생일 진심으로 축하해! 오늘은 네가 제일 행복한 하루 보내길 바라.
우리가 2주 전에 마지막으로 본 것 같은데 서로 근황 얘기는 주로 카페에서만 했는데 공원에서 하니까 새로웠어. 밖 공기 마시면서 서로에 관해 이야기하는 것이 네 말대로 나쁘지 않더라. 네가 아직도 뭐 하고 싶은지 몰라서 힘들다고 했잖아. 내가 들은건데 20대는 다 해보고 경험하는 나이래. 하고 싶은 거 다 하고 도전하고 배우는게 좋다더라. 30대가 되면 그 수많은 해봤던 일 중 자기랑 잘 맞는 것을 골라서 하는 것이 성공하는 방법이라더라고. 그래서 미래에 대한 걱정을 버리고 네가 지금 원하는거 다 해봤으면 좋겠어! 실패는 성공의 어머니라는 말이 있잖아? 네가 선택한 모든 일에 항상 내가 응원하고 있다는 걸 잊지 마! 
생일 축하하고 좋은 일만 가득하길 바랄게. 사랑해.
하님이가"
"부모님께서 반찬을 하셨는데 나눠준다고 한다.
도자기 공방에 가고 싶다 했다.","세정이에게,
세정아 안녕! 23번째 생일 진심으로 축하해! 오늘이 생일인 만큼 오늘 하루 잘 보내길 바라.
네가 지금 가족들이랑 오랜만에 만나서 좋은 시간을 보내고 있다니까 나도 보기 좋아. 부모님께 지난번에 싸주신 반찬 맛있게 먹었다고 말씀드려 줘. 덕분에 오랜만에 직접 만든 반찬을 먹어봤다. 너의 따뜻함이 어디서 왔는지 알겠더라. 너도 내가 열람실에서 공부하는데 잠이 오면 음료수를 사주고 안 좋은 일이 있으면 내 얘기를 들어주는 따뜻한 친구잖아.
그나저나 서울로 언제 올라와? 올라와서 나랑 공방 데이트하자. 도자기 공방이야. 지난번에 네가 공방 가고 싶다고 했었잖아. 학교 근처 원데이클래스 하는 곳이 있어. 학생한테는 10% 할인을 해준대. 재밌겠다! 
생일 다시 한번 축하하고 앞으로 할 일이 수월하게 잘 되길 바라. 사랑해.
하님이가"
"병원에 같이 가주겠다고 한다. 
약 잘 먹고 있냐고 물어봤다.
다음 주 시험 있다고 했다.","세정이에게,
세정아 안녕! 생일 축하해. 오늘이 너의 생일인데 내 생일인 것처럼 행복해.
전에 내가 복통이 심했을 때 병원 같이 가줘서 고마워. 검진 과정 내내 내 옆에 있어주고 처방받은 약도 받아줘서 고마워. 네가 아니었으면 병원 가기 힘들었을 거야. 그때 너무 아파서 제대로 생각도 못 했거든. 역시 혼자 사는건 쉽지 않은 것 같다. 네가 걱정할까 봐 얘기하는데 나 점점 나아지고 있어. 약 잘 먹고 있으니까 너무 걱정하지 마. 고맙다는 의미에서 다음에 내가 맛있는 것 사줄게. 옆에서 도와줘서 다시 한 번 고마워. 네가 내 친구라는건 진짜 행운이라고 생각해. 
다음 주가 기말고사인데 공부는 잘 되어 가? 너는 항상 열심히 하니까 잘할 수 있을 거야. 쉬엄쉬엄해 알았지? 시험 끝나고 나랑 놀자! 
생일 다시 한번 축하하고 기말고사 화이팅! 사랑해.
하님이가"
"괜찮냐고 물어봐줘서 고맙다고 한다.
가을이 와서 서울숲에서 나들이 한 것 생각 난다고 한다.
","세정이에게,
세정아 안녕! 생일 진심으로 축하해.
항상 내 고민 들어준 세정아. 너는 진짜 보석 같은 친구야. 내가 문제 있으면 괜찮냐고 물어보고 좋은 말 많이 해 주는 너는 참 착한 친구야. 항상 내 얘기 잘 듣고 공감해 줘서 고마워. 너도 고민이나 문제 있으면 나한테 얘기할 수 있는 것 알지? 혼자 고생하지 마. 나한테 털어놓고 얘기해. 너처럼 위로를 잘하는 친구는 되기 어렵겠지만 최대한 공감하고 도와줄게. 
시원한 바람을 맞고 나무들이 갈색으로 변하는걸 보니까 네가 좋아하는 계절 가을이 오고 있는 것 같아. 작년에 우리 서울숲에서 가을 나들이 했는데 올해는 어디로 갈까? 너랑 소풍 가는 것 생각만 해도 설레. 
생일 다시 한번 축하하고 앞으로의 일이 잘되길 바라. 얼른 만나자. 사랑해.
하님이가"
"사진 보니까 행복해 보인다고 했다.
기회 되면 나도 벤쿠버에 가고 싶다고 했다.
","혜인이에게,
혜인이 안녕? 나 하님이야. 5월 14일은 무슨 날? 바로 너의 생일!  벤쿠버에서 맞이하는 첫 번째 생일을 진심으로 축하해! 
오늘 하루 외국인 친구들과 즐겁게 보냈으려나? 나도 너 많이 보고 싶어하고 애들도 보고 싶다고 해. 한국에 우리랑 가족들과 있을 때만큼이나 행복한 시간이 되었으면 바라.밴쿠버 대학에서 찍은 사진을 보니까 네가 엄청나게 행복해 보이더라. 네가 원하는 대학에 가서 너무 뿌듯하고 자랑스러워. 나중에 나도 기회가 생기면 밴쿠버에 가고 싶어. 너랑 밴쿠버 대학도 가고 싶고 밴쿠버 도시도 너랑 구경하고 싶어! 
맞다! 전에 네가 밴쿠버에서 에드워드 호퍼 전시회 갔다고 사진을 보냈는데 네이버에서 보니까 한국에 전시하고 있더라고. 서울시립미술관에 열리는데 나하고 민정이랑 같이 갔어. 너를 생각하면서 전시회 잘 관람했어. 
다시 한번 생일 축하하고 남은 하루도 즐겁고 행복하게 보내! 나중에 한국 오면 민정이랑 셋이 만나자!
하님이가. "
"이사하는 거 도와주겠다고 했다.
생일을 가족들이랑 보낸다고 했다.","세정이에게,
안녕 세정아! 오늘이 생일이네. 생일 축하해 김세정! 오늘이 특별한 날인 만큼 웃음이 가득한 하루이길 바라.
전에 내가 이사하는 것 도와줘서 고마워. 안 그래도 빨리 이사 가야 했었는데 다행히 네가 있어서 빨리할 수 있었어. 내 짐이 많고 무거워서 도와주느라 진짜 힘들었을 텐데 네가 계속 괜찮다고 흔쾌히 도와줘서 고마워. 너밖에 없다 세정아. 내가 감동을 받아서 고마운 표현으로 카톡 선물 하나 보냈어! 생일 선물 겸 이사하는 거 도와줘서 산 선물인데 편하게 써. 나중에 네가 이사하게 돼서 도움이 필요하면 나한테 얘기해줘. 널 위해서라면 언제든지 달려갈 수 있으니까. 
생일에는 가족들이랑 시간 보내는 것이 최고지. 행복한 시간 보내고 서울로 올라오면 문자 보내 줘. 나도 너의 생일을 축하해 주고 싶단 말이야. 생일 다시 한번 축하해. 사랑해.
하님이가"
"봉사 활동 하면 뿌듯하다고 했다.
봉사 활동 같이 가자고 했다.
","혜인이에게,
혜인이 안녕? 오늘이 생일이네? 생일 진심으로 축하해. 오늘 특별한 날인 만큼 행복한 생일 보내길 바랄게.
혜인아. 너랑 같이 봉사 활동을 한 것이 아직 기억 속 아름다운 추억이 됐어! 처음으로 너랑 봉사 활동을 했는데 네가 왜 봉사 활동을 자주 하는지 알겠더라. 네가 봉사 활동하면 엄청난 자부심이 따라오고 스스로 뿌듯하다고 했었잖아. 나도 그날 너랑 같이 봉사 일을 하니까 뿌듯하고 행복하더라고. 덕분에 그날 하루 종일 되게 기분 좋은 하루를 보냈어. 봉사 자주 하는 네가 참 대견하고 자랑스러워. 봉사는 희생이 아닌 행복이라는 것을 깨닫게 해줘서 고마워. 다음에 다른 봉사 활동 하게 되면 나한테 얘기해줘! 우리 또 같이 봉사 활동하자.다시 한번 생일 축하해. 앞으로 쭉 행복했으면 좋겠어!
하님이가. "
"인턴 때문에 힘들고 인턴 빨리 끝났으면 좋겠다고 했다.
오마카세를 사주겠다고 한다.","혜인이에게,
안녕 강혜인이. 23번째의 생일 진심으로 축하해! 행복하고 알찬 하루를 보내길 바라.
요즘 어떻게 지내? 인턴 때문에 바쁘고 힘들다고 하는데 듣는 내가 마음이 아프고 속상해. 고생이 많다 친구야. 인턴 끝날 날이 얼마 안 남았으니까 조금만 버티자. 안 좋은 일 있거나 힘들면 언제든지 연락해 줘. 얘기할 사람이 필요하면 내가 항상 있다는 것 알았으면 좋겠어. 
저번 강남에 갔을 때 마지막으로 같이 시간을 보냈네. 그때 오마카세 사줘서 고마워. 덕분에 그날 맛있게 먹었어. 다음에 나도 크게 한턱낼게! 다시 한번 생일 축하하고 오늘 하루 잘 보내길 바라고 항상 행복하길 바라!
하님이가."
"공모전 아이디어를 계속 바꾸어야 한다고 했다.
상을 탔다고 말했다.
야외 공연 가고 싶다고 했다.","정아에게,
안녕 김정아? 오늘이 생일이네. 생일 진심으로 축하해 정아야! 오늘 맛있는 것 많이 먹고 행복했으면 좋겠어.
네가 지난 3개월 동안 공모전에 나가려고 아이디어를 매번 바꾸고 하고 방학 때 끝까지 달리고 포기하지 않는 너의 모습을 보니까 진짜 멋있고 대견하다는 생각이 들더라. 그 큰 노력 끝에 결국 상 탄 것 진심으로 축하고 네가 너무 자랑스러워. 
축하 선물로 지난번에 같이 가자고 했던 야외공연 표를 예매해 놓았어! 공모전도 이제 다 끝났고 지금은 방학이니까 우리 실컷 놀자. 너랑 처음으로 공연 가는거라 설레고 기대돼. 우리 그날 좋은 추억 만들고 즐거운 시간 보낼 수 있으면 좋겠다. 다시 한번 생일 축하하고 오늘 하루 잘 보내길 바랄게!
하님이가."
"졸업 시험 때문에 힘들다고 했다.
요즘 많이 피곤하다고 했다","혜인이에게,
안녕 강혜인! 오늘이 생일이네? 생일 진심으로 축하해. 오늘 행복이 가득한 하루이길 바라.
잘 지내고 있어? 네가 요즘 졸업 시험 때문에 걱정하는 거 보면 친구인 나도 마음이 아프더라고. 우리는 같은 과가 아니라서 도울 수 없어서 미안해. 그래도 위로는 해줄 수 있으니까 이야기할 사람 필요하면 언제든지 전화해도 돼. 내가 진심으로 응원하고 들어 줄게. 모든 것이 잘 풀리길 바라 혜인아. 
그리고 네가 요즘 많이 피곤하다고 해서 걱정돼. 내 주변에도 빨리 피곤해지고 지친다는 애들이 많거든. 밥 골고루 잘 챙겨먹어, 알겠지?  내가 챙겨 먹는 비타민 하나 있는데 효과가 좋은 것 같아서 선물로 보냈어. 비타민도 잘 챙겨 먹어. 우리 둘 다 건강 잘 챙기자. 오늘 생일 축하하고 행복한 하루 보내!
하님이가"
"다음 주에 우리 집에서 홈파티를 하기로 했다.
약을 좀 사와달라고 부탁했고 알겠다고 했다. ","수지에게
수지야, 안녕! 오늘 네 생일이네! 생일 축하해. 너랑 알고 지낸지도 벌써 이만큼이나 흘렀네. 내가 지금까지도 너의 생일을 축하해 줄 수 있어서 너무 기뻐. 
저번에 내가 아팠을 때 너한테 약 좀 사 와달라고 부탁해서 네가 약 사 와줬을 때 기억나? 혼자 있을 때 아프니까 많이 서러웠는데 너 덕분에 아픈 거 금방 나았어! 내가 아플 때나 힘들 때 항상 넌 내 곁에 있으면서 많이 도와주는 것 같아. 너무 고마워! 
너한테 편지 쓰다 보니까 우리의 여러 추억들이 스쳐 지나가네. 너랑 함께 한 모든 추억들이 즐거웠지만 특히 우리 집에서 홈파티했었던 게 제일 기억난다. 맛있는 것도 먹고 서로 재밌는 얘기도 해주고 그때 정말 즐거웠잖아. 너랑 있으면 항상 재밌고 즐거운 일만 있는 것 같아. 아마도 네가 주변 사람들을 즐겁게 만들 수 있는 능력이 있나봐! 앞으로도 쭉 나랑 함께 있어줘!
언제나 나에게 좋은 친구가 되어줘서 고마워. 나도 너에게 그런 친구가 될 수 있도록 많이 노력할게. 오늘 행복하게 보내고 생일 축하해!
지연이가"
"졸업 프로젝트 때문에 스트레스 받는다고 했다.
요새 계속 떡볶이가 먹고 싶다고 했다.","주은이에게
주은아, 안녕! 네 생일 정말 축하해!
요새 졸업 프로젝트 때문에 많이 스트레스 받지? 이것저것 해야 할 일도 많고 어려우니까 많이 힘들 만도 해. 나도 네가 스트레스 받는 모습을 보니까 많이 속상하더라.쉽지 않겠지만 중간중간 쉬어가면서, 스트레스 덜 받으면서 졸업 프로젝트했으면 좋겠어. 난 네가 힘들지 않았으면 좋겠거든. 언제든지 힘들면 말해! 같이 놀면서 내가너의 스트레스 다 풀어줄게! 
저번에 네가 계속 떡볶이가 먹고 싶다고 했잖아. 다음에 만나면 같이 떡볶이 먹으러 가자! 떡볶이도 먹고 노래방 가서 노래부르고 카페 가서 후식도 먹으면서 같이 재밌게 노는 거야! 너무 기대된다. 빨리 같이 놀고 싶어. 오늘 생일 너무 축하해. 
나에게 소중한 너의 생일이니만큼 오늘이 너에게 있어 정말 특별한 하루가 되길 기도할게. 항상 너무 고맙고 내가 너 많이 아끼는 거 알지? 행복한 하루 보내!
지연이가"
"신년에 같이 해돋이를 보러 가기로 했다.
생일파티에 초대했다.","소희에게
소희야! 오늘 네 생일이야. 생일 축하해!
우리 같이 신년에 해돋이 보러 간 거 기억나? 그때 새벽에 둘 다 비몽사몽한 상태로 해 뜨는 거 보러 갔잖아. 솔직히 새벽에 잠도 못 자고 해돋이 보려고 나올 땐 정말 가기 싫었는데 너랑 해 뜨는 거 보면서 신년 소원 비니까 그 싫었던 마음이 싹 없어지더라. 붉게 물든 태양을 너랑 소소하게 이야기 나누면서 바라보는 게 뭔가 감동적이었어. 그리고 한 해의 시작을 너와 함께 시작한다는 게 너무 의미 있더라. 나랑 같이 해돋이 보러 가줘서 고마워. 
오늘 네 생일 편지 쓰고 있으니까 내 생일 파티 때 네가 나 생일 축하해준 거 생각난다. 그때 네가 내 생일 파티에 와줘서 얼마나 기뻤는지 몰라. 나는 네가 와준 것만으로도 너무 고마웠는데 그날 너 덕분에 많이 웃었어. 별거 아닌 내 생일을 축하해 줘서 너무 고마워. 너랑 있으면 항상 작은 것들도 행복으로 느껴져서 너무 좋아. 오글거리는 말일 수 있지만 네가 내 소소한 행복인가 봐!
항상 너무 고맙고 오늘 맛있는 거 많이 먹고 행복한 날 되었으면 좋겠다. 생일 축하해!
지연이가"
"크리스마스를 같이 보내기로 했다.
크리스마스 선물 잘 쓰고 있다고 했다.
영화 나 홀로 집에를 보기로 했다. ","다현이에게
다현아 안녕! 오늘이 어떤 날인지 알아? 네 생일이야! 생일 축하해! 오늘 하루 행복하게 보내길 바라.
날씨가 점점 추워지면서 우리가 함께 보낸 크리스마스가 떠오르네. 처음 네 집에서 크리스마스를 보낸거라 정말 좋았는데. 눈이 내리고 날씨가 추웠지만, 그날 너와 보낸 시간은 정말 따뜻했어. 밥 먹으면서 너랑 옛날 얘기하는 것 좋았다. 따뜻한 핫초코를 마시며 크리스마스트리를 열심히 장식하고, 서로 선물을 교환했잖아. 
네가 준 산타 머그컵은 아직 소중하게 간직하고 있어. 네가 준 선물이라서 더욱 소중하고, 겨울에만 사용하려고 해. 선물해 줘서 정말 고맙다 친구야. 겨울이 다가오는데 내가 준 겨울 니트 따뜻하게 입어. 그날 나 홀로 집에 영화 재밌었지?  2편도 함께 보고 싶은데 기회가 되면 꼭 같이 보면 좋겠다.
하님이가"
"속초로 졸업 여행 가기로 했다.
기념품을 잘 산 것 같다고 했다,","다현이에게
안녕 다현아! 나야 하님이. 오늘 2월 25일은 너의 특별한 날, 너의 생일이야. 생일 진심으로 축하해!
너랑 졸업 여행 같이 간 거 너무 즐거웠어. 온화한 날씨의 속초 바다에서 너랑 느긋하게 시간을 보낼 수 있어서 너무 좋았다. 수박 주스를 마시면서 너랑 미래 얘기하니까 진짜 어른이 된 것 같았어. 
미래의 너는 대기업에서 일하고 있으면 좋겠다고 했는데 너의 소원이 현실이 되길 바라. 다현이 화이팅! 
그리고 마지막 날에 네가 기념품을 진짜 많이 샀었잖아. 다른 친구들이랑 가족들을 생각하는 너의 마음이 진짜 이쁘다고 생각했었어. 같이 산 기념품 집에 뒀는데 그걸 볼 때마다 우리가 여행했던 거 생각 나서 너랑 속초에 보낸 날이 그립고 또 너랑 여행 가고 싶더라고. 오늘 맛있는 거 많이 먹고, 생일 축하해 다현아.
하님이가"
"옷을 사러 같이 가주겠다고 했다.
소풍을 가자고 했다.
","다현이에게,
안녕 다현아! 생일 축하해! 오늘이 생일인 만큼 행복한 시간 보내길 바라. 잘 지내고 있어? 
나는 지금 너랑 같이 산 옷을 입고 있어. 전에 가방이랑 옷을 고를 때 도와줘서 고마워. 내가 엄청 우유부단하고 결정하는 데 시간 많이 걸리는데 네가 옆에서 도와주니까 더 빠르게 선택할 수 있었어. 집에 가서 해보니까 더 만족스럽더라. 골라주는 것 도와줘서 고마워!  너도 언제든지 쇼핑하고 싶으면 나한테 말해줘! 너랑 잘 어울리는 거 잘 골라줄게. 
사실 소풍갔을 때 네가 가족문제랑 공부 때문에 스트레스 받는다고 했는데 네가 항상 다른 사람들 앞에 긍정적인 모습만 보여줘서 네가 힘든 줄은 생각도 못 했어. 너랑 매일 보는 친구인 내가 더 신경 써야 하는데 그러지 못해서 미안해. 이제부터 더 신경 써서 챙겨줄게. 생일 다시 한번 축하하고 오늘 하루 정말 행복하게 보내길 바라!
하님이가"
"벚꽃 축제 보러 가기로 했다.
줄 게 있다고 했다.
서점에 가고 싶다고 했다.","다현이에게
안녕 다현아! 오늘은 네가 태어난 날이야! 생일 정말 축하해. 미역국을 챙겨 먹었어? 
오늘 밖을 살짝 봤는데 꽃이 피기 시작하더라고. 너랑 벚꽃축제 갔던 기억이 새록새록 나더라. 밖 공기를 마시면서 너랑 벚꽃 구경을 하니까 기분이 엄청 좋았었어. 산책하면서 서로 어떻게 지냈는지 물어보고 얘기하는 것도 반가웠어. 그때 네가 찍은 벚꽃 사진이 너무 마음에 들어서 프로필 사진으로 해놓았다! 네가 찍어준 내 사진도 마음에 들어. 잘 찍어줘서 고마워.
네가 부산 기념품 줬을 때 부산 가서 나를 생각해 줬다는게 진짜 감동이었어. 가방에 달아 놓았는데 가방을 메고 있을 때마다 네가 떠올라서 좋아. 
지난번에 서점에 가고 싶다고 했잖아. 우리 서점도 가고 근처에서 아이스크림도 먹자. 빨리 만나고 싶어. 생일 축하해 다현아.
하님이가"
"아이돌 콘서트 티켓팅 도와주겠다고 했다.
밥 사줘야된다고 했다.","다현이에게
안녕, 이다현! 생일인데 행복한 시간 보내기를 바랄게. 
몇 달 전에 팬미팅 티켓팅 도와줘서 정말 고마워. 그때 티켓 예매 사이트가 처음이라서 얼마나 많이 검색했는지 몰라. 다행히도 네가 흔쾌히 도와주겠다고 해서 하루 전날에 연습을 많이 했었어.네 덕분에 첫 콘서트와 마지막 콘서트 모두 1층 좌석을 잡아서 하루 종일 기분이 너무 좋았었어! 고마워 다현아. 
다음에 내 도움이 필요하거나 콘서트 같이 갈 사람 필요하면 불러줘! 너랑 시간 같이 보내는거 너무 좋아. 
그리고 티켓팅 성공해서 내가 밥 사줬었잖아. 근처에 작은 식당밖에 없어서 그냥 먹었는데 좀 아쉬움이 드네. 다음에 만나면 내가 고기를 살게. 너랑 함께 있으면 기분이 좋고 즐거워. 항상 고맙고 우리 빨리 만나자. 생일 축하해.
하님이가."
"보드게임 카페 가고 싶다고 했다.
요즘 계속 우울하다고 했다.","다현이에게
다현아! 하님이야. 생일 진심으로 축하해. 요즘 어떻게 지내? 
네가 요즘 우울하다고 해서 정말 걱정돼. 너의 친구로서 네가 어려운 감정을 안고 있다는 걸 알고, 네 곁에 있어 주지 못해서 미안해. 내가 도울 수 있을 만큼 도울 거니까 언제든지 전화해도 좋아. 어떤 얘기든지 나에게 털어놓아도 돼. 네가 힘들어하는 걸 혼자 감당하지 않으면 좋겠어. 서로 힘을 보태며 어려운 시간을 이겨내자. 
그리고 네가 개강하기 전에 보드게임 카페 같이 가자고 했었잖아, 곧 가자! 나도 오랜만에 얼굴 보고 너랑 재미있게 놀고 싶어서 기대돼. 걱정과 스트레스 다 잊고 즐거운 시간을 보내자. 개강할 날이 얼마 남지 않았는데 바빠지기 전에 너랑 알차게 놀고 싶어. 오늘 행복한 생일 보내길 바라. 빨리 만나고 싶어.
하님이가"
"중간고사 끝나고 한강 가기로 했다.
자전거 타기로 했다.","태리에게,
태리야 안녕! 오늘은 너의 특별한 날, 너의 생일이야. 생일 진심으로 축하해.
우리가 중간고사 끝나고 한강 가기로 한 날이 생각나. 함께 물가에 앉아서 시원한 바람을 느끼며 웃고 떠드는 모습이 너무 행복했다. 강물이 흐르는 소리를 듣고 너와 함께 소소한 대화를 나누니까 시간이 느릿하게 흘러가는 것 같았어. 그 순간들을 너랑 함께해서 너무 좋았어. 
너와 함께 자전거를 타고 주변을 돌아다녔던 것도 잊지 못할 소중한 시간이야. 바람을 가르며 힘차게 나아가는 느낌이 정말 기분 좋았어. 그때 그 순간이 너무 편안하고 즐거워서 시간 가는 줄도 몰랐어. 너와 함께하는 모든 순간이 내게는 특별해. 
다음에 이런 대 와서 너랑 일상적 대화를 나누고 즐겁게 보내고 싶어. 생일 축하해 태기야. 네 미래에 행복과 좋은 일들이 가득하길 바라.
하님이가"
"수강 신청을 같이 하기로 했다. 
인생네컷을 같이 찍자고 했다.
","태리에게,
안녕 김태리! 생일 축하해.
이번 학기 수강 신청 때 도와줘서 정말 고마워. 이번 수강은 망했다고 생각해서 그때 진짜 울고 싶었는데! 네 도움 덕분에 더욱 수월하게 수강 신청을 마칠 수 있었어. 고마워 태리야. 나중에 나의 도움이 필요하면 항상 얘기할 수 있는 거 알지? 내가 할 수 있는 만큼 도와줄게. 우리 서로가 서로에게 도움이 되는 친구가 되자.
저번에 네가 계속 인생네컷 같이 찍자고 했잖아. 다음에 수업 끝나고 같이 찍자! 생각해 보니 우리 학교에서 많은 시간을 같이 보냈는데 찍은 사진이 하나도 없더라. 사진도 많이 찍고 학교 앞 맛집도 가고 즐거운 시간을 보내는거야! 너무 기대된다. 
태리야, 올해가 행복한 일들로 가득하고, 학업과 모든 일들이 순조로웠으면 좋겠어. 오늘 생일 너무 축하해.
하님이가"
"알바를 같이 하기로 했다.
미분적분학1을 같이 공부하자고 했다.
","태리에게,
안녕 김태리! 오늘은 너의 특별한 날이네. 생일 진심으로 축하해.
함께 아르바이트를 하던 그때의 순간들이 떠오르네. 아르바이트하는데 엄청 힘들고 피곤한 날들도 있었지만, 너랑 일을 하니까 덜 피곤하고 즐겁더라고. 알바하면서 긍정적인 너의 모습이 나한테 큰 힘이 됐어. 우리 오래오래 같이하자. 
아르바이트 같이하는 것도 좋지만 퇴근하고 너랑 저녁 같이 먹는 것이 더 즐거웠어. 밥을 먹으면서 자주 대화하니까 서로에게 더 가까워지는 느낌이 들어서 좋았어. 
그리고 미분적분학 1 같이 공부해줘서 정말 고마워. 내가 이해가 느린데 네가 천천히 가르쳐준 덕에 내가 공부하는 데 도움이 많이 되었어. 덕분에 강의 내용도 잘 이해하고 과제도 잘할 수 있었던 것 같아.
항상 고맙고 행복한 순간들로 가득하길 바라. 생일 축하해 태리야!
하님이가"
"캠핑을 하기로 했다. 
노래도 보르고 여유로운 시간 보내고 싶다고 했다. 
","태리에게,
태리야 안녕! 생일 축하해. 맛있는 거 먹었어?
강원도에서 함께한 캠핑은 정말 잊지 못한 순간들이었어. 캠프파이어를 피우고 별을 바라보며 노래도 불렀던 기억이 나. 엄청 음치인데도 즐겁게 노래를 불렀었잖아. 그때의 우리들의 웃음소리와 함성이 아직도 귓가에 맴돌아. 너와 함께 바쁜 일상을 잠시나마 잊고 여유롭게 즐거운 시간을 보낼 수 있어서 좋았어. 우리가 나눈 대화도 따뜻했고, 서로의 꿈과 비밀을 털어놓으며 더욱 친해질 수 있었다고 생각해. 강원도의 아름다운 자연 속에서 너와 함께 휴식 시간을 가질 수 있어서 정말 행복했고 그때가 너무 좋아서 나중에 기회가 되면 또 너랑 캠핑하고 싶어. 나랑 같이 가줘서 고마워.
태리야, 너의 미소와 에너지가 주변을 밝게 비추듯, 앞으로의 모든 날이 즐거운 일들로 가득 차길 바라. 생일 축하해.
하님이가"
"집에서 영화 보기로 했다
기말 과제 힘들었다고 했다.
","태리에게
태리야 안녕! 생일 축하해.
너와 함께 보낸 모든 순간은 행복했던 것 같아. 특히 너희 집에서 영화를 즐겁게 봤던 게 가장 기억에 남는다. 너희 집에서 영화를 보면서 느꼈던 따뜻한 분위기도 고맙고, 웃기려고 애쓰며 더 유쾌한 시간을 만들어 준 너에게도 진심으로 고마워. 너와 함께 있으면 항상 웃음이 나고 즐거워. 다음에 우리 집에 영화를 볼 수 있으면 너한테 먼저 얘기할게! 
그리고 지난번에 기말 과제 하는데 네가 아주 힘들어했던 기억이 나. 너는 충분히 잘 하고 있고 지금까지 많은 어려움을 극복해왔어. 이것 또한 네가 견딜 수 있을거야. 너무 지치면 전화해. 너에게 힘이 되고 위로가 되는 친구가 되어 줄 수 있도록 노력할게. 
새로운 한 해가 더 행복하고 즐거운 일들로 가득하기를 바라며, 태리의 빛나는 미래를 응원해! 생일 축하해. 
하님이가"
"베이킹을 배워보고 싶다고 했다.
고양이 그림을 보냈다.
","태리에게,
안녕 강태리! 나야 하님. 생일 진심으로 축하해. 
요즘 네가 즐겁게 베이킹 하는 모습을 보니까 더없이 기쁘다. 네가 취미를 찾아서 즐기는 모습을 보는 것만으로도 내 마음이 따뜻해지네. 너의 솜씨가 점점 더 향상되고 있는 것 같아 내가 다 기분이 좋아. 보내주는 베이킹 사진들을 보면 정말 대단하다고 생각해. 나중에 네가 만든 디저트 같이 먹어보고 싶어! 
그리고 드디어 네가 그려준 내 아기 고양이 그림 인쇄 해서 잘 받았어! 실물을 보니까 더 마음에 들어서 액자에 끼워뒀어. 네가 그린 그림을 보면서 너의 예술적 재능에 또 한 번 감탄했어. 이 값진 그림을 평생 간직할게. 고마워 태리야. 
네가 행복하고 건강한 모습으로 항상 웃고 있기를 바라며, 하루 하루가 즐겁고 행복하길 진심으로 기원한다. 생일 축하해.
하님이가"
"장학금을 땄다고 했다.
연극 보러  가자고 했다.
","다경이에게
안녕 다경아! 나야, 하님! 오늘 네 생일이구나. 생일 축하해! 오늘은 생일 기념으로 푹 쉬고 즐거운 시간 보내길 바라!
난 평소에 네가 참 대단한 친구라고 생각해. 저번에 네가 장학금 받았다는 소식을 듣고 되게 기뻐. 항상 열심히 노력하는 네 모습을 보면서 대단하다고 생각했어. 넌 정말 나에게 여러모로 좋은 영향을 주는 아이인가 봐. 
얼마 전에 대학로에 연극 보러 갔을 때도 네가 재밌어하는 모습을 보니까 더 기분 좋더라! 네가 연극 좋아할 거 같기도 했고 같이 보면 더 즐거울 거 같아서 같이 간 건데 상상 이상으로 훨씬 더 좋은 시간 보낸 거 같아! 너랑 있으면 사소한 순간들도 기쁘고 행복해! 고마워!
다경아, 나에게 항상 긍정적인 영향을 주는 친구가 되어줘서 고마워! 내가 항상 네 앞에 꽃길만 펼쳐지길 기도할게! 오늘 하루 너에게 최고의 생일이 되었으면 좋겠다! 생일 축하해!
하님이가"
"커플 반지를 맞추기로 했다.
면접 잘 봤다고 했다.
","다경이에게,
다경아, 생일 너무 축하해! 내가 1년에 단 한 번뿐인 네 생일을 축하해 줄 수 있다니 너무 기뻐!
우리가 학교 근처에서 커플 반지를 맞췄던 그날, 기억나? 뭔가 그날은 나한테 되게 특별하게 느껴진다? 나한테 소중한 친구인 너와 나 사이에 연결고리가 생긴 느낌이었거든! 반지를 볼 때마다 우리가 함께 보낸 시간들이 떠올라서 기분이 너무 좋아! 우리 이거 계속 끼고 있자!
얼마 전에 면접 봤다고 했지? 네가 면접을 잘 봤다고 해서 내가 얼마나 기뻤는지 몰라. 난 너의 노력과 능력을 잘 알고 있지만 다른 사람들은 널 처음 보니까 알아보기 쉽지 않잖아. 그런데도 면접에서 너의 노력과 능력을 다른 사람들에게 인정받은 네가 나는 너무 자랑스러워.
너는 항상 스스로를 믿으며 노력하는 사람이야! 그리고 난 그런 네가 미래에도 더 큰 성공을 이룰 거라고 확신해. 네가 이루고자 하는 모든 꿈과 목표들이 이뤄지기를 바라! 정말 생일 축하하고, 앞으로도 우리 계속 행복하게 지내자!
하님이가"
"뜨개질을 배우고 있다고 했다.
강아지를 맡겨놓을 곳이 없다고 했다.
","다경이에게,
안녕 다경아! 생일 축하해!
우리 집 강아지 며칠 동안 맡아줘서 고마워. 맡길 곳이 없어서 너무 걱정했는데 네가 봐주겠다고 하니까 얼마나 안심이 됐는지 몰라. 사료도 줘야 하고 목욕도 시켜야 하고 할 일이 많아서 너한테 많이 고맙기도 했지만 동시에 너무 미안했는데 같이 시간 보내서 좋았다고 하니까 다행이다. 우리 강아지도 너같이 좋은 아이와 함께여서 즐거웠을 거야. 다음에 우리 집 놀러 와! 우리 강아지가 너 많이 보고 싶어 하는 것 같아.
그리고 네가 직접 뜨개질해서 만들어준 열쇠고리 선물 진짜 마음에 들어. 나를 위해 직접 손으로 만든 선물이라니 정말 감동이야. 열쇠고리 너무 귀엽고 진짜 잘 만들었더라. 너한테 뜨개질하는 방법 배워야겠다! 가르쳐 줘!
이렇게 보니까 너한테 고마운 일 투성이네. 정말 고마워. 앞으로도 우리의 우정이 늘 영원했으면 좋겠다! 생일을 다시 한번 축하해!
하님이가."
"고양이 보고 싶다고 했다.
집 근처에서 산책 같이 하자고 했다.
","다경이에게,
다경아 안녕? 생일 진심으로 축하해. 오늘 맛있는 거 많이 먹고 행복하길 바라.
요즘 잘 지내? 너도 보고 싶고 네가 키우는 반려묘 밤비도 보고 싶어. 네가 밤비 처음 보여줬을 때 내가 많이 좋아했던 거 기억나?  밤비의 매력에 빠져서 네 집에서 집에서 많은 시간을 함께 보냈지. 집에서 너랑 영화도 보고, 밥도 먹고 밤비에게 사료도 주면서 너랑 더 친해지는 느낌이라 행복했었어. 가끔은 집 근처 공원에서 너와 함께 걸으면서 서로 어떻게 지내는지 물어보고 사소한 이야기까지 나누는 것도 즐거웠어. 그리고 밤비를 돌봐주는 너의 모습을 보면 착하고 따뜻하다고 생각했어. 밤비한테 잘 해주듯 내가 힘들어도 잘 도와주고 위로 잘해주는 너는 진짜 착하고 따뜻한 친구야. 우리 함께 더 많은 좋은 순간들을 만들어 가길 바라며 생일 축하해 다경아.
하님이가"
"집들이 선물 뭐 갖고 싶냐고 했다.
너희 집에서 감바스 해 먹고 싶다고 했다.
","다경이에게
생일 진심으로 축하해 다경아. 특별한 날인 오늘, 너에게 행복한 일들이 가득하기를 바라.
지난번에 네가 집들이 선물로 준 화분 잘 키우고 있어. 특히 침대 옆에 두었던 작은 화분은 매일 아침 일어나서 보면 기분이 좋아지더라! 네가 준 화분들 내가 매일 열심히 물도 주고 햇빛도 잘 받을 수 있게 해주면서 열심히 키우고 있어. 앞으로도 잘 키울게! 고마워.
그때 감바스 진짜 먹고 싶었는데 마침 네가 맛있게 해줘서 너무 좋았어. 고마워 다경아. 네가 만든 게 식당에서 먹은 것보다 훨씬 맛있더라! 그날 감바스 먹으면서 너랑 재미있는 이야기도 나누고 고민도 이야기하고, 정말 즐거웠어. 너와 함께 시간을 보내면 항상 재밌고 행복해.
다경아, 오늘 생일 축하하고, 우리의 우정 더 깊어질 수 있도록 많은 순간들을 앞으로도 함께하자!
하님이가"
"공부 끝나고 눈 사람 만들자고 했다.
알바 도와주기로 했다.
","다경이에게,
다경아, 생일 축하해! 생일에 사랑하는 사람들이랑 재밌는 시간 보내길 바랄게.
요즘 잘 지내? 밖이 많이 춥던데 따뜻하게 입고 다녀. 감기 걸리면 안 되잖아.
날이 추우니까 저번 겨울에 기말시험 준비할 때 생각난다. 그때 너랑 열람실에서 공부하고 있었는데 밖에 눈이 왔었잖아. 공부 끝난 뒤에 같이 눈사람 만들고 눈싸움도 했었는데, 기억나? 우리 둘 다 공부 때문에 지쳐있었는데 잠깐이나마 밖에 나가서 눈 내리는 것 보면서 기분 전환했었지. 난 그때의 기억이 지금도 생생하게 떠오를 만큼 너무 좋았어.
그리고 알바 대타해줘서 정말 고마워. 급한 사정이 생겨서 내가 못 나가게 됐는데 네가 도와줄 수 있다고 해서 진짜 안심했어. 고마워! 언젠간 내 도움이 필요하면 고민 없이 말해줘.
앞으로도 너랑 이대로 계속 친구 하고 싶다. 나의 영원한 친구가 되어줄 거지? 다경아, 오늘 생일 축하해! 행복하자!
하님이가"
"한강에 산책하기로 했다.
밤에 버스킹 하는 것 보기로 했다.
","선우에게,
선우야, 생일 축하해! 오늘이 네 생일이니까 행복한 하루를 보내길 바라. 어떻게 지내고 있어?
우리가 한강공원에 간 날이 생각나. 함께 걷던 한강공원의 산책로는 정말 아름다웠고, 바람을 맞으며 눈 부신 햇살 아래서 주변 풍경을 구경하던 그 시간이 떠오르네. 너와 함께 산책하면서 서로의 이야기를 나누고 농담도 치고 웃으면서 시간을 보내는 게 참 좋았어. 나중에 우리 테트를 대여해서 소퐁을 가자. 
그리고 밤에 내가 보자고 한 버스킹에 함께 가줘서 고마워. 그때의 시간은 짧았지만, 쌀쌀한 밤공기를 마시면서 노래를 감상하며 사진도 찍고 영상도 찍는 건 너무 즐거웠어. 또 다른 기회가 온다면 다시 함께 버스킹을 즐기고 싶어.
네가 행복해하고 웃는 모습을 함께 하며 성장해 나가는 우리의 우정을 더욱 깊이 간직하고 싶어. 생일 축하해 선우야.
하님이가"
"놀이공원 같이 가기로 했다.
학교복 빌리기로 했다.
점심은 놀이공원 안에 먹기로 했다. 

","선우에게,
생일 축하해 선우아. 오늘은 너의 특별한 날이니까 더욱더 행복하고 빛나길 바랄게.
저번에 함께 놀이공원에서 즐거운 시간을 보냈었던 게 떠오르네. 너랑 교복을 맞춰 입고 놀이공원에서 여기저기 뛰어다니고 이쁜 사진도 많이 찍었지. 오랜만에 너랑 놀이공원에 가니까 너무 행복했어. 그날 대기 줄이 엄청 길었지만 네가 그날 너무 즐거워 보여서 나도 자연스럽게 기분이 좋아지더라고. 놀이기구를 몇 개만 탈 수 있었어서 좀 아쉬움이 남아 있지만 그래도 너랑 하루 종일 웃고 즐겁게 보냈던 것 같아서 좋아. 그리고 점심값을 내준 거 고마워 선우야. 다음에 우리 같이 외식하면 내가 쏠게.
오늘 같은 특별한 날에 네가 가장 원하는 것들이 모두 이뤄지길 진심으로 바랄게. 앞으로도 더 멋진 일들이 너를 기다리길 진심으로 응원할게. 생일 축하해, 선우야.
하님이가"
"홈베이킹 같이 하기로 했다.

","선우에게,
선우아 안녕. 생일 진심으로 축하해. 오늘이 행복과 기쁨으로 가득하길 소망해. 우리가 함께 홈베이킹을 했던 날의 기억이 아직도 생생해. 레시피를 참고해서 함께 반죽을 만들고 서로의 요리 솜씨를 비교하며 크게 웃었던 그날 정말 재밌었어. 결과가 별로일까봐 오븐 앞에서 걱정했는데 생각보다 잘 나와서 신났던 기억이 떠오르네. 우리 같이 먹었던 빵의 맛도 정말 좋았지만, 무엇보다도 너랑 같이 농담을 하고 베이킹하면서 시간 보낼 수 있어서 너무나도 좋았어. 너와 함께하면 늘 즐겁고, 빵 만들어 먹는 거 하나로도 큰 행복을 느껴. 이런 시간을 더 많이 가질 수 있으면 좋겠다. 
네 꿈과 행복이 가득한 한 해가 되길 바라고, 다음에 만날 때까지 건강하고 행복하길 바라. 생일 축하해 선우아.
하님이가"
"책 빌려줘서 고맙다고 했다.
늦게 돌려줘서 마안하다고 했다.
공항에서 배웅해줘서 고맙다고 했다
","선우에게,
선우야 안녕! 나야 하님이. 생일 진심으로 축하해.
책을 빌려줘서 고마워 선우야. 덕분에 방학을 유익하게 보낼 수 있었어! 네가 빌려준 책이 정말 흥미롭고 재미있었어. 나름 여러 책을 읽어봤지만, 이렇게 흥미로운 내용의 책은 오랜만이었던 것 같아. 빌려준 책을 더 빨리 돌려주고 싶었는데 너도 알다시피 그때 내가 출국 준비 때문에 정신이 없었어. 많이 기다리게 해서 미안해! 
그리고 공항에서 배웅해 줘서 고마워. 배웅해 줄 줄 몰랐는데 배웅해 줘서 정말 감동이었어. 떠나는 마음 한 켠에 아쉬움이 있었지만 그래도 마지막으로 너를 볼 수 있으니까 좋았어. 
먼 곳에서도 언제나 선우의 행복을 빌며, 그리고 우리가 다시 만날 날을 기대하며 이렇게 생일 편지를 남길게. 생일 진심으로 축하해 선우야.
하님이가"
"창업경진대회에 나가기로 했다. 
힘들다고 했다.
","선우에게,
안녕 이선우. 생일 진심으로 축하해. 오늘 좋은 일이 일어나길 바랄게.
잘 지내고 있어? 너랑 창업경진대회 같이 나간 것 생각나. 함께 노력하고 협력한 그 시간은 서로를 더욱더 알아가는 기회가 되었던 것 같아. 대회를 준비하면서 끝까지 포기하지 않고 노력한 너의 모습이 정말 멋지고 자랑스러워. 내가 많이 힘들다고 얘기한 건 기억해? 그때 네가 잠깐 쉬어도 된다고 위로해 준 덕분에 더욱 힘을 내고 계속 나아갈 수 있었어. 너도 그때 많이 지쳤을 텐데 나까지 챙겨야 하니까 미안했어. 네가 사람을 대하는 태도는 정말 따뜻하고 배울 점이 많아. 너랑 친구인 게 기뻐.
선우야, 앞으로도 계속해서 좋은 일들이 가득하길 바라. 너의 꿈과 목표를 이루는 과정에서 어려움이 있더라도 나는 너를 믿고 응원할 거야. 생일 다시 한번 축하해.
하님이가"
"홍대에서 드로잉 카페에 가기로 했다. 
저녁 식사에 갈때 화장을 해주기로 했다.
","선우에게,
생일 진심으로 축하해 선우아! 생일에 좋은 일들로 가득하길 바라.
너랑 홍대에서 드로잉 카페 갔던 날 정말 즐거웠어! 생각보다 그림을 그리면서 마음이 차분해지고 편안했던 것 같아. 그날 너랑 새로운 경험을 할 수 있어서 너무 좋았어. 다음에 기회가 된다면 꼭 다시 함께 가고 싶어. 아니면 다른 카페에 가는 것도 좋아!
그리고 내가 저녁 식사 간 날 이쁘게 화장해 줘서 고마워 선우야. 내가 화장을 잘 못하는데, 네가 도와준 덕분에 사람들한테 칭찬도 많이 받고 그날 하루 종일 기분이 좋았어. 너밖에 없다 선우야. 화장은 내가 도와줄 수 없지만 다른 부탁이 있거나 도움이 필요하면 편하게 얘기해. 알았지?
앞으로도 우리가 행복한 시간을 보내면서 우리의 우정이 더욱 깊어지면 좋겠어. 항상 건강하고 생일 진심으로 축하해.
하님이가"
"스트레스를 받는다고 했다.
찜질방에 같이 가기로 했다. 
","혜선이에게,
혜선아 안녕! 생일 축하해. 생일에 더 많은 행복과 웃음이 가득하길 바라.
잘 있었어? 전에 너랑 찜질방에 같이 간 날이 생각나. 찜질방에서 함께 땀을 흘리고 서로한테 시원한 팩도 붙여주고 누워서 쉬는 게 너무 좋더라. 너랑 오랜만에 일상적인 이야기를 나누면서 회포를 풀고 기분전환을 할 있어서 좋았어. 네가 스트레스를 많이 받아서 찜질방에 가자고 했는데 그때 너도 조금이나마 스트레스를 풀 수 있었으면 좋겠다.
앞으로도 네가 힘들 때마다 함께 스트레스를 풀 수 있도록 내가 늘 곁에 있을게. 찜질방뿐만 아니라 다른 어떤 곳이든, 언제든지 네가 원할 때 같이 가줄게. 언제나 서로에게 힘이 되어주고, 함께 즐거운 시간을 보낼 수 있기를 바라. 네가 항상 행복했으면 좋겠어. 생일 진심으로 축하해.
하님이가"
"우정 앨범 만들기로 했다.
사계절 사진 찍기로 했다.
트윈룩 사진 찍기로 했다.
","혜선이에게,
혜선아 안녕. 나야 하님이. 생일 진심으로 축하해!
요즘 뭐 하고 있어? 너랑 우정 앨범을 만들기로 한 게 좋은 생각인 것 같아. 우정 앨범에 담겨있는 사진들이 다 좋아하지만, 너랑 사계절 내내 같은 장소에서 같이 찍은 사진이 가장 마음에 들어. 그 사진들을 보면 우리가 사계절 동안 함께 보낸 순간들이 생생하게 떠오르고 그때를 생각하면 웃음이 저절로 나와. 그리고 또 우리 같이 트윈룩을 입고 여기저기 돌아다니고 찍은 사진이 우리가 쌍둥이처럼 같아서 난 그렇게 기분이 좋더라. 트윈룩을 하고 밖에 돌아다니면 항상 주목받아서 불편했지만, 시간이 갈수록 재미있어.
너와 나의 우정 앨범은 마치 하나의 보물상자처럼 나한테는 엄청 특별해.
생일을 맞이하며 더 많은 행복과 기쁨이 찾아오길 진심으로 바랄게. 생일 축하해 내 친한 친구야.
하님이가"
"졸업 연주를 보기로 했다.
피아노 연주가 멋있어 보여서 가르쳐달라고 했다.
","혜선이에게,
혜선아 안녕! 생일 축하해. 
졸업작품 연주에 초대해 줘서 고마워. 진심으로 재미있게 관람했어. 네 연주를 보면서 네가 얼마나 노력을 했는지 느껴지더라. 네가 졸업 작품을 준비하면서 많이 힘들었다는 것 알아. 그동안 옆에서 지켜본 나로서는 네가 너무 멋지고 대단하다고 말하고 싶어. 끝까지 포기하지 않고 꿈을 향해 힘들었던 시간을 이겨낸 네 모습이 정말 대단하고 자랑스러워. 수고 많았고, 앞으로도 어떤 어려움이 있더라도 꾸준한 노력과 열정으로 이겨내길 믿어. 
내가 피아노를 가르쳐 달라고 한 것 기억하고 있지? 네가 연주하는 모습을 보면서 배워보고 싶다고 했었는데 너무 기대돼.
앞으로도 우리 함께 더 많은 추억 만들어 가길 바라. 생일 다시 한번 축하하고, 행복한 날들이 가득하길 바라!
하님이가"
"대동제에 같이 참여하기로 했다.
음식 부스를 열기로 했다.
","혜선이게,
혜선아 생일 축하해! 오늘은 네 생일이니까 특별한 하루가 되길 바라. 올해 많은 것을 함께 했고 정말 즐거웠어.
특히 대동제에 참가해서 부스를 운영하던 그날은 잊지 못할 것 같아. 처음으로 너랑 같이 대동제에 참여하는 것이 정말 신나고 설렜어. 함께 음식 부스를 운영하면서 우리가 이렇게 많은 준비를 해야 할 줄은 생각도 못 했었잖아. 식재료도 많이 준비해야 하고, 상하지 않게 잘 보관해야 했고. 밤새워 준비하면서 진짜 힘들었지만, 좋은 경험이라 생각하고 너랑 스트레스 없이 즐겁게 준비할 수 있었어! 부스가 성공적으로 마무리가 되어서 뿌듯하기도 하고 무엇보다 너랑 같이 특별한 경험을 얻을 수 있어서 좋았어.
앞으로도 우리 더 많은 경험을 함께 해 나가면 좋겠다. 혜선아, 생일 축하하고 항상 행복하길 바라!
하님이가"
"집에서 연말모임을 하기로 했다.
재미있는 게임을 하기로 했다.
","혜선이에게,
오늘 네 생일이네! 진심으로 축하해. 오늘 좋은 하루 보내길 바라.
너랑 연말 파티를 같이 즐길 수 있어서 너무 좋았어. 같이 저녁 해 먹고 재미있는 게임도 같이하고 하루 종일 웃으며 시간이 가는 줄도 몰랐어. 서로한테 올해도 인생을 보람차게 잘 살았다고 말하는 게 위로를 받은 느낌 같아서 정말 좋았어. 힘든 일이 있으면 서로를 응원해주는 우리 관계가 너무 좋다. 네가 항상 주변 사람들을 밝게 해주는 사람이라서 너와 함께 시간을 보내면 항상 행복하고 기분이 좋아져. 자기 전에 같이 누워서 옛날이야기를 하면서 웃었던 그때가 너무 좋아서 그 순간으로 다시 되돌리고 싶어.
네가 내년에도 더 많은 행복과 성공을 만끽하며 건강하게 성장하길 바라. 그리고 앞으로도 함께 많은 시간을 보낼 수 있기를 소망해. 생일 다시 한번 축하해 김혜선!
하님이가"
"취업 준비 때문에 토익 학원을 같이 다니기로 했다.
토익이 어렵다고 했다.
스트레스를 푸는 건 중요하다고 했다.
","혜선이에게,
혜선아 안녕! 생일 진짜 축하해. 새로운 한 해가 너에게 더 많은 행복과 성취를 가져다주길 기원해.
취업 준비하느라 우리 둘 다 수고가 많다. 너랑 토익학원 다니길 잘한 것 같아. 같이 공부하면서 동기 부여도 생기고 지치면 서로를 응원해 주고 칭찬도 해주니까 더 좋더라. 토익은 진짜 어렵지만 서로를 가르쳐주면서 공부하려고 노력하니까 조금씩 발전하고 있다는 것을 느낄 수 있었어. 앞으로도 서로를 응원하며 멋진 결과를 얻어내자!
그리고 학원 같이 다니면서 스트레스를 많이 받는데 공부가 끝나고 너랑 충전하는 시간을 가질 수 있어서 좋아. 맛있는 음료나 아이스크림을 먹으면서 스트레스를 푸는 게 최고인 것 같아.
우리 둘 다 좋은 성적을 얻을 수 있기를 진심으로 바라. 오늘 좋은 하루 보내길 바랄게. 생일 축하해!
하님이가"
"시험을 끝나고 템플스테이 체험하기로 했다.
사찰 예절을 배워보고 싶다고 했다.
","미연이에게,
미연아 안녕! 생일 진심으로 축하해. 이 특별한 날에 모든 소원이 이뤄지길 바라. 맛있는 거 많이 먹었어?
너랑 많은 경험을 함께 해왔고 다 좋았지만, 우리가 같이 템플 스테이 한 날이 제일 특별했어. 너랑 함께 템플 스테이 하는 동안 아름다운 풍경을 함께 감상하면서 모든 고민과 걱정을 다 잊어버리게 되고 너무나도 편안한 시간을 보낼 수 있었던 것 같아. 특히 새벽 예불할 때 너와 함께 산 위에서 밤하늘의 별들을 바라보며 대화를 나눈 것은 정말로 색다른 순간이었어. 그때의 나눈 대화를 통해 너와 더 가까워진 것을 느낄 수 있었거든. 그때 나한테 솔직하게 마음을 털어놓고 이야기해줘서 고마워!
미연아, 너랑 함께 할 수 있어서 너무 좋아. 너의 행복을 항상 바라며, 앞으로도 더 많은 아름다운 시간을 같이 보낼 수 있길 바랄게. 생일 축하하고 사랑해!
하님이가"
"같은 취미를 가져보기로 했다.
독학으로 배우기로 했다.
","미연이에게,
미연아 안녕! 오늘이 너의 특별한 날, 너의 생일이야. 생일 진심으로 축하해.
우리가 처음에 우쿨렐레를 같이 배우기 시작할 때 서로 가르쳐줬던 거 기억나? 우쿨렐레를 배우면서 자연스럽게 너랑 더 많이 붙어 다니게 되고 서로 더 알아가는 기회가 많아져서 정말 기뻤어. 우리는 함께 연습하고 새로운 노래에 도전하고 좋은 시간을 보냈지. 때로는 어렵고 잘 못해서 속상하지만, 서로를 응원하고 발전했어. 이제는 우리가 어느 정도 우쿨렐레를 연주할 수는 있지만 능숙하게 연주할 수 있을 때까지 함께 연습하자! 너랑 멋진 노래를 함께 연주하고 싶어.
이번 생일을 맞이하여 네가 항상 건강하고 이루고 싶은 꿈을 이루길 진심으로 바라. 네가 행복한 순간들로 가득한 새로운 한 해가 되길 기원하며 생일 다시 한번 축하해.
하님이가"
"강원도 가서 수상레저를 같이 하기로 했다.
핸드폰 방수 케이스 사기로 했다.
","미연이에게,
안녕 김미연! 생일 진심으로 축하해.
우리가 함께한 순간 중에서도, 그리고 내가 영원히 잊지 못할 순간 중 하나는 너랑 같이 경험했던 수상레저였어. 기억나? 도착하자마자 맑은 공기를 마시고 얼마나 기분이 뻥 뚫렸는지. 너랑 처음으로 슬라이드도 타고 웨이크보드도 탔는데 그 순간의 설렘과 두근거림은 여전히 잊지 못해. 웨이크보드를 연습할 때 폼이 어정쩡한 게 난 그렇게 웃키더라. 그래도 무사히 타고 
성취감을 느끼고 즐거운 시간을 보내서 기분이 좋았어. 
그리고 네가 휴대전화 방수 케이스를 챙겨 간 덕분에 우리 사진을 편안하게 찍고 기념할 수 있었어. 고마워 미연아.
너랑 해보고 싶은 것도 많고 더 오래 친구 하고 싶어. 올해 너한테 더 행복하고 더 좋은 일이 일어나길 바라. 생일 축하하고 사랑해.
하님이가"
"댄스 동아리 활동을 하기로 했다.
커플 핸드폰 케이스를 주기로 했다.
","미연이에게,
안녕 미연아! 생일 진심으로 축하해.
너랑 댄스 동아리 활동을 같이하는 거 정말 재미있어. 안무를 배우면서 외우는 게 어렵지만 우리 둘이 함께 노력하고 빠르게 성장하는 모습이 자랑스러워. 너의 댄스에 대한 열정과 노력을 보면 나도 더욱더 열심히 하고 싶어져. 우리 안무를 더 많이 배우자. 서로를 도와가며 성장해 나가고 함께 멋진 퍼포먼스를 선보이고 싶어. 그날을 생각하면 신이 나.
그리고 핸드폰 케이스를 선물 해줘서 고마워. 너랑 커플 핸드폰 케이스라니 너무 귀여워. 핸드폰을 쓸 때마다 네 생각이 나서 너무 좋아. 잘 쓸게. 나도 다음에 커플 아이템으로 귀여운 거를 하나 선물해 줄게!
앞으로도 우리 서로의 취미를 공유하면서 더욱더 행복한 시간을 만들어 가기를 바라.  항상 건강하고 생일 축하해 미연아.
하님이가."
"다이어트를 같이 하기로 했다.
식단을 공유하기로 했다.","미연이에게,
안녕 미연아. 오늘이 너의 생일이야. 생일 축하해.
너랑 같이 다이어트 하기로 한 거 좋은 선택이었던 것 같아. 식단을 공유하고 서로 오늘 운동한 시간도 알려주는건 생각보다 괜찮더라. 동기부여도 생기고 자연스럽게 너랑 더 많은 시간을 보내게 돼서 좋아. 너와 함께 다이어트를 하면서 서로를 더 잘 이해하고 더 가까워진 것 같아. 맛있는 음식을 포기해야 하거나 힘든 운동을 하더라도 너랑 함께해서 더 쉽게 이겨낼 수 있었어. 역시 무언가를 할 때 누군가랑 해야 자극이 되고 잘하게 되는 것 같아.
우리의 몸과 마음이 더욱 건강해지는 그날을 꿈꾸며, 함께 노력하고 서로를 응원해 주며 목표를 이루어 나가자. 이번 생일에 사랑과 행복으로 가득한 새로운 한 해를 맞이하게 되기를 바라. 생일 축하해, 미연아!
하님이가"
"밤바다를 보러 가기로 했다.
편의점에서 폭죽을 사기로 했다. ","미연이에게,
미연이 안녕! 오늘이 너의 특별한 날이야. 생일 진심으로 축하해. 오늘 행복한 일들만 가득하길 바랄게.
요즘 어떻게 지내고 있어? 지난번에 우리 여수에 밤바다를 보러 간 날이 떠오른다. 너랑 모래에 이름을 쓰고 하트를 그려주고 사진도 찍는 것이 정말 즐거웠어. 맥주를 마시면서 옛날이야기도 하고 미래에 대한 이야기도 하는 게 참 좋았어. 우리 불꽃놀이도 했었네. 소박하지만 너랑 함께 있어서 행복한 날이었어. 다음에 기회가 되면 또 너랑 함께 바다로 놀러 가고 싶어. 서로의 이야기 들으면서 모래성도 짓고 물놀이도 하며 즐기자. 
너와 함께 있는 동안 느낀 행복한 감정들은 언제나 기억할게. 우리가 바다로 놀러 가는 그날을 기대하며, 미래에도 우리의 좋은 시간이 더 많아지기를 바라.  생일 축하해.
하님이가"
,
"대학 축제에 같이 가기로 했다.
아이돌의 무대를 보고 싶다고 했다.","윤아에게,
윤아야 안녕! 생일 축하해! 어떻게 지내고 있어?
네가 대학 축제에 가고 싶다고 나한테 문자 보냈던 것 기억나? 너와 여기저기 돌아다니면서 축제 분위기를 만끽한 것 너무 좋았고 사진 많이 찍은 것도 정말 즐거웠어. 너랑 축제를 보니까 피로도 풀리고 학업에 대한 스트레스를 잊혀지더라. 네 덕분에 스트레스 잘 푼 거 같아 고마워! 나중에 네가 학업 때문에 힘들거나 지치면 나한테 말해! 내가 너랑 같이 놀러 가서 스트레스 확 날려줄게. 
축제에 아이돌이 온다고 해서 우리 많이 기대했었잖아. 그때 네가 아이돌 무대를 보면서 같이 노래도 부르고 즐기는 모습 보니까 나도 진짜 즐거웠더라. 언제 우리 둘 다 시간 되면 아이돌 공연을 보러 가자. 
생일 진심으로 축하하고 오늘 하루도 행복하게 보내길 바랄게.
하님이가"
"애견 카페에 같이 가기로 했다.
아이스 스케이팅을 같이 하기로 했다.","윤아에게,
안녕 임윤아! 생일 진심으로 축하해.
요즘 강아지들을 보면 우리가 함께 애견 카페에 간 날 생각나! 사랑스러운 강아지들과 함께 놀고 서로의 반려견 사진을 보여주면서 자랑하던 그 시간 진짜 즐거웠어. 각자 키운 반려견에 대해 이야기하니까 웃음이 끊어지지 않고 계속 떠들고 싶어지더라. 다음에 기회 되면 우리 강아지들 공원에서 같이 산책시키자. 같이 산책할 친구 있어서 강아지들이 좋아할 것 같아.
그리고 지난번에 스케이트를 타는 방법을 알려줘서 고마워. 처음에는 무서웠는데 네가 내 손을 잡아 주니까 안심이 됐어. 아직도 스케이트 타는 게 아주 무섭긴 하지만 그때 너와 함께 스케이트 탄 건 정말 좋은 경험으로 남을 거 같아! 매번 너와 함께 시간을 보낼 때마다 네가 얼마나 착하고 좋은 친구인지 느껴져. 앞으로도 우리의 우정이 더욱 깊어졌으면 좋겠다! 
너의 미래에 행운과 행복이 가득하길 바라! 생일 다시 한번 축하해.
하님이가"
"친구의 대학교를 방문하기로 했다.
기념품샵 있냐고 물었다. 
꽃을 좋아하냐고 물었다.
","윤아에게,
생일 축하해, 윤아야! 오늘은 너의 생일이라 정말 기뻐.
지난번에 내가 네 대학교 방문한 거 기억나? 우리 오랫동안 만나지 못했는데, 그때 너를 볼 수 있어서 너무 좋더라. 너희 학교도 둘러보고 근처 맛집도 먹어보고 정말 좋은 시간이었어. 너희 학교를 둘러보면서 네가 아주 좋은 학교에 다니고 있다는 생각이 들었어. 그래서 친구로서 네가 너무 자랑스러워.
학교 기념품 가게에 들러서 몇 가지 기념품을 사는 게 좋은 선택이었던 것 같아. 기념품을 보니까 네 생각도 나고 네가 학교 자랑하는 모습도 생각이나. 다음에 기회 되면 내 학교를 소개해 줄게! 학교 근처 맛집도 가고 사진도 찍자.
그리고 그날 꽃을 선물해 줘서 고마워. 나 꽃을 진짜  좋아하거든. 네 덕분에 기분 정말 좋았었어! 진짜 고마워, 윤아야.
앞으로도 우리 즐거운 시간을 같이 보낼 수 있으면 좋겠어. 네가 항상 행복하고 건강하길 바라! 생일 축하해.
하님이가"
"발렌타인데이에 같이 밥을 먹기로 했다. 
술 마시고 이차하기로 했다.
","윤아에게,
안녕 임윤아! 생일 진심으로 축하해. 잘 지내?
나 아직도 우리가 발렌타인데이에 함께 보냈던 날을 생각해. 발렌타인데이는 사랑하는 사람들과 보내는데, 그날에 네가 같이 시간을 보내자고 하니까 감동을 받았어. 너랑 같이 밥 먹고 수다 떠는 건 항상 좋고 특별한 날이라 더욱 좋았어.
밥을 먹고 너랑 포장마차 가서 이차 하는 것도 기억해. 같이 술을 마시면 꼭 속 깊은 얘기가 나오더라. 네가 잘 들어주고 공감하니까 내가 무거운 얘기를 편하게 털어놓을 수 있는 것 같아. 또 다음에 화이트데이나, 다른 날을 잡아서 맛있는 음식을 같이 먹고 즐거운 시간을 같이 보내자! 
나에게 있어서 윤아란 사람을 만난 건 정말 행운이야. 항상 고맙고 앞으로 하는 일이 잘 됐으면 좋겠어. 생일 다시 한번 축하해.
하님이가"
"수업 내용을 같이 복습하고 싶다고 했다.
스터디 카페에 가기로 했다. 
교재를 사야한다고 했다.
교보문고에 데이트하자고 했다.
","임윤아에게,
생일 축하해 윤아야! 오늘 네 생일이라서 이렇게 편지를 쓰게 됐어. 
생일에 못 만나서 조금 아쉽지만, 다음에는 함께 시간을 보낼 수 있으면 좋겠어! 우리 같이 스터디 카페 가서 수업 내용을 복습한 날이 아직도 기억나. 열심히 공부하면서 가끔 농담도 치고 하니까 공부할 때 지루하지 않아서 좋았어. 이해 안 되는 부분이 있으면 서로한테 물어보고 이해될 때까지 서로 가르쳐주니까 공부가 진짜 잘되더라.
그리고 교재를 사야 해서 우리 교보문고에 갔었지. 너랑 교보문고에서 놀 줄이야. 너랑 좋아하는 책 이야기도 하고 귀여운 노트랑 파우치를 구경하니까 재미있더라. 교보문고에는 자주 안 가지만 다음에 가게 되면 네가 떠오를 것 같아.
오늘 생일 진심으로 축하하고 하는 일이 항상 잘 됐으면 좋겠어. 꼭 만나자!
하님이가"
"수업을 땡땡이 치기로 했다. 
가로수길을 둘러보기로 했다.
플래그십 스토어에 가기로 했다.","윤아에게,
임윤아 생일 진심으로 축하해. 생일에 맛있는 것 많이 먹고 많이 웃으면 좋겠어.
너랑 같이 있으면 항상 좋고 즐겁지만, 같이 수업을 땡땡이 친 날이 제일 즐거웠어. 원래는 늦게 일어나거나 가기 귀찮아서 결석했는데 누군가랑 수업을 땡땡이 치는 것 처음이었어! 그래서 더 재미있었어.
우리 그날 수업 안 듣고 가로수길에 갔었잖아. 플래그십 가게에 가고 싶다고 해서 가게 됐는데 생각보다 가게가 엄청 많고 예뻐서 보는 내내 마음이 행복해지더라고. 너랑 가니까 더 그랬던 것 같아. 다음에 우리 시간 내서 가로수길에 또 가자. 돌아다니면서 사진을 많이 찍고 맛있는 것도 먹자. 기대 된다!
너에게 오늘 하루만큼은 특별하고 행복한 순간으로 가득 찬 날이 되기를 바라. 생일 다시 한번 축하고 내가 많이 사랑해.
하님이가"
"할로윈때 분장 하고 싶다고 했다.
홍대에 가서 놀기로 했다.
근처 술집에 가기로 했다.","은정이에게,
잘 지내고 있어? 생일 진심으로 축하해.
너랑 알고 지낸 지 벌써 이만큼이나 시간이 흘렀네. 최근에 우리 할로윈 파티를 즐겼었지. 할로윈 때 분장해서 밖에 나가고 싶다고 한 것 기억나? 서로한테 메이크업도 해주고 옷도 골라주고 진짜 재밌었잖아. 그때 우리 둘 다 분장 진짜 만족해서 길거리에서 사진도 많이 찍었었는데. 그냥 할로윈데이였을 뿐인데 그날 나 진짜 너무 행복했었다. 아마 너랑 함께 있어서 좋았었나 봐.
난 너랑 술을 많이 마시지 못했지만, 그날 우리 술도 마시고 잡담도 나눴어. 그때가 너무 좋아서 다음에는 학교 근처에 있는 술집에 가서 너랑 한잔하고 싶어. 꼭!
너의 삶에서 항상 행복과 사랑이 넘쳐나길 바라고 너의 꿈들이 이루어지기를 진심으로 바라. 생일 축하해 은정아.
하님이가."
"면접준비 같이 하자고 했다.
도움이 될 것 같다고 했다.","은정이에게,
안녕 임은정! 오늘이 무슨 날? 은정이 태어난 날. 생일 축하해 은정아. 사랑하는 사람들과 즐거운 시간을 보내길 바라.
너랑 친구 하기 잘했다고 늘 생각하지만, 우리 같이 면접 준비 함께할 때 진짜 너랑 친구 하길 잘했다고 엄청 느꼈어. 진짜 네 덕분에 면접 준비하는 게 즐거웠고 네가 나에게 큰 도움이 되어주었던 거 같아. 보통 이렇게 뭔가를 같이 하면 싸우기도 하고 그러는데, 너랑 함께하니까 좋은 시너지도 생기고 싸울 일이 전혀 없더라고. 진짜 네 덕분에 면접 준비 잘한 거 같아. 그리고 너랑 같이 면접 준비하면서 혼자 할 때보다 둘이 함께 할 때가 더 큰 가치가 있다는 것을 알게 됐어. 앞으로도 우리 서로 도우면서 좋은 시너지를 내보자!
내 인생에서 너란 사람을 내 친구라고 할 수 있어서 큰 축복이야. 네가 어디에 있든 늘 성공하고 늘 행복하고 건강하면 좋겠어. 생일 다시 한번 축하해. 내가 너를 많이 아끼는 것 알지?
하님이가"
"졸업식에 가기로 했다. 
꽃다발을 마음에 들었다고 했다.","은정이에게,
은정아 안녕? 생일 축하해! 미역국이랑 생일 케이크를 먹었어?
지난번에 너의 졸업식에 갔을 때가 생각이 나. 나랑 같이 입학한 내 친한 친구가 졸업하다니 너무 자랑스럽고 기특해. 그동안 우리 같이 대학 생활을 보내면서 함께 열심히 공부하고 그랬었는데 이제 나랑 같이 놀아줄 사람이 없어서 한편으로는 슬퍼. 너랑 시간을 보낸 내내 너무 좋았고 항상 끝까지 날 도와준 널 보면 네가 마음씨 예쁜 사람이라고 생각해.
꽃다발을 마음에 들었다고 하니까 다행이네. 예쁜 꽃을 고르려고 애를 좀 썼어. 우리 시간 나면 빨리 만나자! 엄청 보고 싶어. 
내 인생에 와줘서 고맙고 좋은 친구 되어줘서 고마워 은정아. 앞으로 일어나는 일이 잘 되길 바라고 미래의 은정도 성공하기를 기도할게. 생일 축하해 은정아. 내가 많이 사랑해.
하님이가"
"춘천에 엠티에 같이 가자고 했다.
게임하고 고기 먹고 재미있겠다고 했다.
산책하고 별을 보자고 했다.","은정이에게,
생일 진심으로 축하해! 생일에 뭐 하고 노는지 궁금하네.
올해도 너랑 여기저기 돌아다니고 재미있게 놀았는데 그중에서도 너랑 엠티 같이 간 날이 제일 즐거웠어. 춘천의 좋은 공기 마시면서 다른 사람들과도 친해지고 특히 너랑 더 친해진 것 같아서 엠티에 간 것이 잘했다고 생각해. 게임을 하면서 즐겁게 놀고 맛있는 고기도 먹고 진짜 즐거웠어. 같이 가자고 해서 고마워 은정아.
엠티 하는 동안 제일 좋았던 순간은 너랑 밤에 산책할 때였어. 산속이어서 그런지 별을 잔뜩 봤고 너랑 이것저것 일상 얘기를 공유했지. 그날 밤 너랑 더 가깝게 느껴져서 너무 좋았고 더 친해지고 싶다는 생각이 들었어. 
앞으로도 더 많은 시간을 보내고, 더 많은 이야기를 공유하면서 우리의 우정을 키워 나가자. 항상 건강하고 생일 다시 한번 축하해.
하님이가"
"네일 아트를 집에서 같이 하기로 했다.
음식을 사와달라고 부탁했고 알겠다고 했다. 
","수연이에게,
수연아 안녕! 생일 진심으로 축하해!
올해 너랑 가장 재미있게 놀았던 날을 꼽으라면 집에서 너랑 네일 아트했을 때였어. 너랑 같이 이야기도 하고, 농담도 하면서 네가 좋아하는 스타일로 꾸미니까 너무 즐겁더라. 너랑 더 친해진 느낌도 들고 말이야. 우리 자주 이렇게 만나서 같이 네일아트 하자! 
그리고 지난번에 내가 기말 프로젝트 때문에 바빴을 때 너한테 음식 포장해달라고 부탁한 것 기억나? 그때 네가 망설임 없이 도와줘서 나 그때 진짜 감동했잖아. 정말 고마워. 덕분에 밥 든든하게 챙겨 먹었어! 만약 나중에 네가 바쁠 때 밥 먹을 시간 없을 때 나한테 말해! 내가 그때 음식 시켜줄게! 
앞으로도 바쁠 때 서로 챙겨주는 친구로 지내자. 생일 다시 한번 축하하고 오늘 하루 행복하게 보내. 사랑해.
하님이가"
"꽃시장에 같이 가기로 했다.
요리 수업을 받고 싶다고 했다. ","수연이에게,
생일 진심으로 축하해 이수연! 잘 지냈어?
요즘 꽃이 여기저기 많이 보여서 너랑 양재꽃시장에 간 날이 떠오르더라. 꽃시장에 들어가자마자 네가 신나 하는 거 보고 나도 기분이 좋았어. 네가 꽃을 엄청 좋아하니까 같이 가자고 했는데 네가 그렇게까지 기뻐할 줄 몰랐어. 정말 잘 데려간 거 같아서 기쁘더라! 다음에 우리 또 함께 꽃 사러 가서 이쁜 사진 많이 찍자. 근처에 식당 가서 맛있는 음식도 먹자.
그리고 네가 요리 수업에 등록하고 싶다고 했는데 네가 새로운 취미에 흥미를 느끼는 모습을 보니 나도 기뻐. 나중에 나한테 맛있는 요리 해주라! 먹어보고 싶어. 나도 기회가 된다면 너한테 요리해 줄게!
올해도 너의 생일을 축하할 수 있어서 너무 좋고 이번 생일이 더 행복하고 건강하기를 바랄게. 생일 축하해 수연.
하님이가"
"여의도에 불꽃축제를 보고싶다고 했다.
근처 현대 백화점에 가서 아이쇼핑하기로 했다.","수연이에게,
생일 진심으로 축하해! 요즘 어떻게 지내?
우리가 함께 여의도에 불꽃축제를 갔던 그날을 생각하면 기분이 좋아져. 정말 환상적인 불꽃을 보면서, 함께 기념사진도 찍고, 좋은 시간을 함께 보냈던 것 같아. 대형 이벤트라 사람이 엄청 많고 복잡했지만, 그런 상황에서도 너랑 함께라 너무 행복했어. 다음에 또 이런 이벤트에 너랑 같이 가고 싶어!
그리고 우리 축제 중간에 나와서 현대 백화점에 아이쇼핑을 했던 그 순간도 잊지 못해. 서로의 스타일이 비슷해서 그런지 더 재미있게 구경을 즐길 수 있었던 것 같아. 되돌아보니 너와 함께한 추억이 정말 많네. 너랑 함께한 기억들은 항상 좋은 기억으로 남는 것 같아! 고마워. 
앞으로도 더 많은 즐거운 순간들을 함께 만들어 나가자, 수연아! 생일 다시 한번 축하하고 많이 사랑해.
하님이가."
"배구 대회에 응원해주라고 했다.
토론 동아리는 어떻게 되어 가는지 물어보았다.","수연이에게,
임수연! 오늘은 너의 특별한 날이네. 생일 축하해! 생일 케이크는 먹었어?
지난번에 배구 대회에 와줘서 고마워. 그냥 농담으로 한 말이었는데 진짜로 올 줄은 몰랐어. 네가 와준 덕분에 대회가 더욱 즐거워진 것 같아. 나를 응원하는 친구가 있으니까 하루 종일 기분이 좋았고 든든했거든. 너밖에 없다 수연아. 
그리고 너의 토론 동아리는 어떻게 되어가? 토론 동아리를 통해 많은 경험과 좋은 사람을 많이 만날 수 있으면 좋겠어. 친구로서 너한테 좋은 일만 일어났으면 좋겠단 말이야. 너의 동아리가 대회가 열리면 내가 응원하러 갈게. 장소하고 시간만 알려주면 간식 많이 사 들고 응원하러 갈게! 
이번 생일이 네가 원하는 모든 것들이 이루어지고, 행복한 순간들이 가득하기를 바랄게. 생일 축하해 수연아.
하님이가"
"만우절에 교복을 입기로 했다.
미뤘던 캠퍼스 투어를 하기로 했다.","수연이에게,
생일 축하해 수연아!
올해도 너랑 계속 붙어 다니며 많은 시간을 같이 보내서 좋아. 만우절에 나랑 같이 교복 입었던 거 기억나지? 그날 봄이라 날씨도 화창하고 기분이 진짜 좋았는데, 그치? 너랑 사진도 찍고 이야기도 나누고 정말 좋은 시간이었던 것 같아. 
그 이후에 우리가 미루고 미뤘던 캠퍼스 투어를 드디어 했었잖아. 캠퍼스 투어하면서 교내에 피어있는 벚꽃 구경하면서 너랑 같이 걸으니까 정말 즐거웠어! 공부로 받은 피로도 조금이나마 풀 수 있어서 좋았어. 그러고 보니 너랑 함께 간 모든 곳이 좋았고 신났어. 난 너를 많이 좋아해서 그러는 것 같아. 너도 그렇게 생각했으면 좋겠어. 
오늘 생일 진심으로 축하하고 행복한 하루 보내길 바라! 항상 고맙고 넌 정말 나한테 아끼는 친구야! 생일 축하해!
하님이가"
"개강 파티에 같이 가자고 했다.
같이 가줘서 고맙다고 했다.
","수연에게,
수연이 생일 축하해! 요새 어떻게 지내고 있어?
요즘 너무 바빠서 너랑 못 본 지 오래된 것 같아. 생각해 보니까 개강 파티에 같이 갔을 때 본 게 마지막이네. 네가 그런 곳에 잘 안 가는 거 다 아는데 같이 가주겠다고 했을 때 얼마나 고마웠는지 몰라. 고마워 수연아. 다른 과 친구들이랑 술 마시고 대화하면서 노는 거 진짜 재밌더라! 물론 너랑 노는 게 훨씬 더 재밌지만 말이야! 너도 언제든지 얘기하고 싶은 것이 있거나 어디 가고 싶다면 나한테 얘기해줘. 난 너랑 시간을 보내는 것을 좋아하거든. 바쁘더라도 가끔은 밥이나 커피 한잔하고 같이 즐길 수 있으면 좋겠어. 우리 시간 내서 한 번 꼭 보자!
이번 학기도 잘 마무리하고 이번 생일이 너에게 특별한 하루가 되길 바라. 항상 건강하고 생일 축하해 수연아.
하님이가"